<?xml version="1.0" encoding="UTF-8" standalone="yes" ?>
<addon id="repository.addon.aria" name="Addon_Aria" version="0.0.1" provider-name="yingjie">
	<requires>
		<import addon="xbmc.addon" version="12.0.0" />
	</requires>
	<extension point="xbmc.addon.repository" name="Addon_Aria">
		<dir minversion="0.0.1">
			<info compressed="false">http://raw.github.com/yingjie605/AddOnRepo/master/Repo_Asia/addons.xml</info>
			<checksum>http://raw.github.com/yingjie605/AddOnRepo/master/Repo_Asia/addons.xml.md5</checksum>
			<datadir zip="true">http://raw.github.com/yingjie605/AddOnRepo/master/Repo_Asia/repo/</datadir>
		</dir>
	</extension>
	<extension point="xbmc.addon.metadata">
		<summary>Install Add-ons from Addon_Aria repository</summary>
		<summary lang="zh">从Addon_Aria仓库安装插件</summary>
		<description>Addons for Aria area.[CR][CR]</description>
		<description lang="zh">专供 亚洲区域的插件仓库[CR][CR]</description>
		<disclaimer>All rights reserved [CR]</disclaimer>
		<disclaimer lang="zh">所有版权保留[CR]</disclaimer>
		<platform>all</platform>
		<website></website>
	</extension>   
</addon>
