<?xml version="1.0" encoding="UTF-8" standalone="yes"?>
<addon id="plugin.video.daum.net"
       name="Daum tvPot"
       version="0.7.0"
       provider-name="XBMC-Korea">
  <requires>
    <import addon="xbmc.python" version="1.0"/>
    <import addon="script.module.beautifulsoup" version="3.0.8"/>
  </requires>
  <extension point="xbmc.python.pluginsource"
             library="default.py">
    <provides>video</provides>
  </extension>
  <extension point="xbmc.addon.metadata">
    <summary lang="en">Daum Streaming Service</summary>
    <summary lang="ko">다음 비디오 스트리밍 서비스</summary>
    <description lang="en">Watch Korean movie trailer, video clip, kids animation in tvpot.daum.net</description>
    <description lang="ko">다음 티비팟(tvpot.daum.net)에서 제공되는 한국영화 예고편, 비디오 클립, 뉴스, 유야용 만화영화 등을 볼수 있습니다</description>
    <platform>all</platform>
  </extension>
</addon>
