<?xml version="1.0" encoding="UTF-8" standalone="yes"?>
<addon id="metadata.artists.bugs.co.kr"
       name="Bugs Music"
       version="0.1.0"
       provider-name="XBMC-Korea">
  <requires>
    <import addon="xbmc.metadata" version="1.0"/>
  </requires>
  <extension point="xbmc.metadata.scraper.artists"
             language="ko"
             library="bugs-artists.xml"/>
  <extension point="xbmc.addon.metadata">
    <summary lang="en">Bugs Music Artist Scraper</summary>
    <summary lang="ko">벅스 음악가 스크래퍼</summary>
    <description lang="en">Download music artist information from bugs.co.kr</description>
    <description lang="ko">bugs.co.kr 에서 음악가 정보 다운로드</description>
  </extension>
</addon>
