<?xml version="1.0" encoding="UTF-8" standalone="yes"?>
<addon id="plugin.video.m.naver.com" name="NAVER (Mobile)" version="1.0.0" provider-name="edge">
  <requires>
    <import addon="xbmc.python" version="2.0"/>
    <import addon="script.module.xbmcswift2" version="1.1.1"/>
  </requires>
  <extension point="xbmc.python.pluginsource" library="addon.py">
    <provides>video</provides>
  </extension>
  <extension point="xbmc.addon.metadata">
    <platform>all</platform>
    <language>ko</language>
    <summary lang="ko">모바일 쥬니어 네이버</summary>
    <description lang="ko">모바일 사이트에서 쥬니어 네이버 보기</description>
  </extension>
</addon>
