<?xml version="1.0" encoding="UTF-8" standalone="yes"?>
<addon id="plugin.video.m.afreeca" name="Afreeca TV (Mobile)" version="1.1.0" provider-name="edge">
  <requires>
    <import addon="xbmc.python" version="2.0"/>
    <import addon="script.module.xbmcswift2" version="1.1.1"/>
    <import addon="script.module.beautifulsoup" version="3.0.8"/>
  </requires>
  <extension point="xbmc.python.pluginsource" library="addon.py">
    <provides>video</provides>
  </extension>
  <extension point="xbmc.addon.metadata">
    <platform>all</platform>
    <language>ko</language>
    <summary lang="ko">모바일 아프리카 티비</summary>
    <description lang="ko">모바일 사이트에서 아프리카 시청</description>
  </extension>
</addon>
